<?xml version="1.0" encoding="UTF-8"?>
<project-private xmlns="http://www.netbeans.org/ns/project-private/1">
    <editor-bookmarks xmlns="http://www.netbeans.org/ns/editor-bookmarks/2" lastBookmarkId="0"/>
    <open-files xmlns="http://www.netbeans.org/ns/projectui-open-files/2">
        <group>
            <file>file:/C:/Users/HP/Documents/NetBeansProjects/HospitalManagment/src/hospitalmanagment/ViewPatients.java</file>
            <file>file:/C:/Users/HP/Documents/NetBeansProjects/HospitalManagment/src/hospitalmanagment/ViewDoctorFrame.java</file>
            <file>file:/C:/Users/HP/Documents/NetBeansProjects/HospitalManagment/src/hospitalmanagment/AddPatientFrame.java</file>
            <file>file:/C:/Users/HP/Documents/NetBeansProjects/HospitalManagment/src/UserDao/DoctorDao.java</file>
            <file>file:/C:/Users/HP/Documents/NetBeansProjects/HospitalManagment/src/hospitalmanagment/UpdatePatientFrame.java</file>
            <file>file:/C:/Users/HP/Documents/NetBeansProjects/HospitalManagment/src/hospitalmanagment/AdminOptionsFrame.java</file>
            <file>file:/C:/Users/HP/Documents/NetBeansProjects/HospitalManagment/src/hospitalmanagment/ViewReceptionistFrame.java</file>
            <file>file:/C:/Users/HP/Documents/NetBeansProjects/HospitalManagment/src/hospitalmanagment/RegisterReceptionistFrame.java</file>
            <file>file:/C:/Users/HP/Documents/NetBeansProjects/HospitalManagment/src/UserDao/EmpDao.java</file>
            <file>file:/C:/Users/HP/Documents/NetBeansProjects/HospitalManagment/src/hospitalmanagment/ViewPatientFrame.java</file>
            <file>file:/C:/Users/HP/Documents/NetBeansProjects/HospitalManagment/src/UserDao/ReceptionistDao.java</file>
            <file>file:/C:/Users/HP/Documents/NetBeansProjects/HospitalManagment/src/hospitalmanagment/UpdateDoctorFrame.java</file>
            <file>file:/C:/Users/HP/Documents/NetBeansProjects/HospitalManagment/src/UserDao/PatientDao.java</file>
            <file>file:/C:/Users/HP/Documents/NetBeansProjects/HospitalManagment/src/hospitalmanagment/ReceptionistOptionFrame.java</file>
        </group>
    </open-files>
</project-private>
